<?xml version="1.0" encoding="UTF-8"?>
<beans xmlns="http://www.springframework.org/schema/beans"
	xmlns:xsi="http://www.w3.org/2001/XMLSchema-instance"
	xmlns:context="http://www.springframework.org/schema/context"
	xmlns:tx="http://www.springframework.org/schema/tx"
	xmlns:mybatis="http://mybatis.org/schema/mybatis-spring"	
	xsi:schemaLocation="http://www.springframework.org/schema/beans 
						http://www.springframework.org/schema/beans/spring-beans.xsd
						http://www.springframework.org/schema/context 
						http://www.springframework.org/schema/context/spring-context.xsd
						http://www.springframework.org/schema/tx 
						http://www.springframework.org/schema/tx/spring-tx.xsd
						http://mybatis.org/schema/mybatis-spring 
						http://mybatis.org/schema/mybatis-spring.xsd">
	
	<!-- Root Context: defines shared resources visible to all other web components -->
	
	<bean id="accountService" class="com.demoweb.service.AccountServiceImpl">
		<property name="memberMapper" ref="memberMapper" />
	</bean>
	<bean id="boardService" class="com.demoweb.service.BoardServiceImpl">
		<property name="boardMapper" ref="boardMapper" />
		<property name="transactionTemplate" ref="transactionTemplate" />
	</bean>
	
	<bean id="dataSource" class="org.apache.tomcat.jdbc.pool.DataSource">
		<property name="driverClassName" value="oracle.jdbc.driver.OracleDriver" />
		<property name="url" value="jdbc:oracle:thin:@127.0.0.1:1521/xe" />
		<property name="username" value="green_cloud" />
		<property name="password" value="oracle" />
		
		<property name="initialSize" value="10" />
		<property name="maxActive" value="20" />
		<property name="maxIdle" value="10" />
	</bean>
	
	<!-- SqlSessionFactoryBean.getObject()를 호출해서 SqlSessionFactory 객체를 만드는 bean 설정 -->
	<bean id="sqlSessionFactory" class="org.mybatis.spring.SqlSessionFactoryBean">
		<property name="dataSource" ref="dataSource" />
		<property name="configLocation" value="classpath:mybatis-config.xml" />
	</bean>
	 	
	<mybatis:scan base-package="com.demoweb.mapper" />
	
	
	<bean id="transactionManager" class="org.springframework.jdbc.datasource.DataSourceTransactionManager">
		<property name="dataSource" ref="dataSource" />
	</bean>
	
	<bean id="transactionTemplate" class="org.springframework.transaction.support.TransactionTemplate">
		<property name="transactionManager" ref="transactionManager" />
	</bean>
	
	<!-- annotation 기반 트랜잭션 관리 활성화 -->
	<tx:annotation-driven transaction-manager="transactionManager" />
	
	
	

</beans>

















